{
  "regression": {
    "Linear_Regression": {
      "mae": 0.4893104996590023,
      "rmse": 0.6308045079478108,
      "r2": 0.8876943281902653,
      "cv_mae_mean": 0.4955356276428384,
      "cv_mae_std": 0.008595423525888464
    },
    "Random_Forest_Regressor": {
      "mae": 0.39894664922076895,
      "rmse": 0.5172665923356352,
      "r2": 0.9244836528315632,
      "cv_mae_mean": 0.406081547719939,
      "cv_mae_std": 0.00602369022086343
    },
    "Gradient_Boosting_Regressor": {
      "mae": 0.3964101304848497,
      "rmse": 0.5018663016611729,
      "r2": 0.9289133277009031,
      "cv_mae_mean": 0.3991589195340507,
      "cv_mae_std": 0.0060100571177661676
    }
  },
  "classification": {
    "Random_Forest_Classifier": {
      "accuracy": 0.8597222222222223,
      "precision_weighted": 0.8591986619265366,
      "recall_weighted": 0.8597222222222223,
      "f1_weighted": 0.8594402101246,
      "confusion_matrix": [
        [
          620,
          0,
          47
        ],
        [
          0,
          2060,
          247
        ],
        [
          57,
          255,
          1034
        ]
      ],
      "labels": [
        "High",
        "Low",
        "Medium"
      ],
      "cv_f1_mean": 0.8510034731540866,
      "cv_f1_std": 0.002864077545372282
    },
    "Gradient_Boosting_Classifier": {
      "accuracy": 0.867824074074074,
      "precision_weighted": 0.8666832212892247,
      "recall_weighted": 0.867824074074074,
      "f1_weighted": 0.8671035206384793,
      "confusion_matrix": [
        [
          624,
          0,
          43
        ],
        [
          0,
          2091,
          216
        ],
        [
          49,
          263,
          1034
        ]
      ],
      "labels": [
        "High",
        "Low",
        "Medium"
      ],
      "cv_f1_mean": 0.860696352328165,
      "cv_f1_std": 0.0036934474773087336
    }
  },
  "incident_detection": {
    "Logistic_Regression_Incident": {
      "threshold_used": 0.3,
      "default_threshold_recall": 0.9802631578947368,
      "default_threshold_precision": 0.6208333333333333,
      "tuned_recall": 1.0,
      "tuned_precision": 0.4919093851132686,
      "tuned_f1": 0.6594360086767896,
      "confusion_matrix": [
        [
          4011,
          157
        ],
        [
          0,
          152
        ]
      ],
      "labels": [
        "No_Incident",
        "Incident"
      ],
      "pr_curve_precision": [
        0.03518518518518519,
        0.03589985829003307,
        0.03664416586306654,
        0.03741999015263417,
        0.03822937625754527,
        0.0390745501285347,
        0.03995793901156677,
        0.04088219472834857,
        0.04185022026431718,
        0.04286520022560632,
        0.04393063583815029,
        0.045050385299347954,
        0.046228710462287104,
        0.047470331043098064,
        0.04878048780487805,
        0.050165016501650166,
        0.051630434782608696,
        0.05318404478656403,
        0.05483405483405483,
        0.05658972449739389,
        0.05846153846153846,
        0.060461416070007955,
        0.06260296540362438,
        0.06490179333902647,
        0.0673758865248227,
        0.07004608294930875,
        0.07293666026871401,
        0.07607607607607608,
        0.0794979079497908,
        0.0832420591456736,
        0.08735632183908046,
        0.09189842805320435,
        0.09693877551020408,
        0.10256410256410256,
        0.10888252148997135,
        0.11603053435114503,
        0.12418300653594772,
        0.1335676625659051,
        0.1444866920152091,
        0.15734989648033126,
        0.17272727272727273,
        0.19143576826196473,
        0.21468926553672316,
        0.24437299035369775,
        0.2835820895522388,
        0.3377777777777778,
        0.4175824175824176,
        0.5431654676258992,
        0.7708333333333334,
        1.0,
        1.0
      ],
      "pr_curve_recall": [
        1.0,
        1.0,
        1.0,
        1.0,
        1.0,
        1.0,
        1.0,
        1.0,
        1.0,
        1.0,
        1.0,
        1.0,
        1.0,
        1.0,
        1.0,
        1.0,
        1.0,
        1.0,
        1.0,
        1.0,
        1.0,
        1.0,
        1.0,
        1.0,
        1.0,
        1.0,
        1.0,
        1.0,
        1.0,
        1.0,
        1.0,
        1.0,
        1.0,
        1.0,
        1.0,
        1.0,
        1.0,
        1.0,
        1.0,
        1.0,
        1.0,
        1.0,
        1.0,
        1.0,
        1.0,
        1.0,
        1.0,
        0.993421052631579,
        0.9736842105263158,
        0.6973684210526315,
        0.13157894736842105
      ]
    },
    "Random_Forest_Incident": {
      "threshold_used": 0.3,
      "default_threshold_recall": 0.8421052631578947,
      "default_threshold_precision": 0.9922480620155039,
      "tuned_recall": 0.9342105263157895,
      "tuned_precision": 0.9403973509933775,
      "tuned_f1": 0.9372937293729373,
      "confusion_matrix": [
        [
          4159,
          9
        ],
        [
          10,
          142
        ]
      ],
      "labels": [
        "No_Incident",
        "Incident"
      ],
      "pr_curve_precision": [
        0.03518518518518519,
        0.14366729678638943,
        0.14671814671814673,
        0.14901960784313725,
        0.1955958549222798,
        0.19947159841479525,
        0.203778677462888,
        0.20798898071625344,
        0.21207865168539325,
        0.24592833876221498,
        0.2512479201331115,
        0.2568027210884354,
        0.2616984402079723,
        0.26916221033868093,
        0.294921875,
        0.3026052104208417,
        0.31006160164271046,
        0.33557046979865773,
        0.3448275862068966,
        0.35377358490566035,
        0.38860103626943004,
        0.40106951871657753,
        0.4166666666666667,
        0.4269340974212034,
        0.46273291925465837,
        0.4950166112956811,
        0.519163763066202,
        0.5539033457249071,
        0.5866141732283464,
        0.6131687242798354,
        0.6379310344827587,
        0.6788990825688074,
        0.7219512195121951,
        0.7708333333333334,
        0.8176795580110497,
        0.8588235294117647,
        0.9056603773584906,
        0.9527027027027027,
        0.9854014598540146,
        0.9920634920634921,
        0.991304347826087,
        1.0,
        1.0,
        1.0,
        1.0,
        1.0,
        1.0,
        1.0,
        1.0,
        1.0
      ],
      "pr_curve_recall": [
        1.0,
        1.0,
        1.0,
        1.0,
        0.993421052631579,
        0.993421052631579,
        0.993421052631579,
        0.993421052631579,
        0.993421052631579,
        0.993421052631579,
        0.993421052631579,
        0.993421052631579,
        0.993421052631579,
        0.993421052631579,
        0.993421052631579,
        0.993421052631579,
        0.993421052631579,
        0.9868421052631579,
        0.9868421052631579,
        0.9868421052631579,
        0.9868421052631579,
        0.9868421052631579,
        0.9868421052631579,
        0.9802631578947368,
        0.9802631578947368,
        0.9802631578947368,
        0.9802631578947368,
        0.9802631578947368,
        0.9802631578947368,
        0.9802631578947368,
        0.9736842105263158,
        0.9736842105263158,
        0.9736842105263158,
        0.9736842105263158,
        0.9736842105263158,
        0.9605263157894737,
        0.9473684210526315,
        0.9276315789473685,
        0.8881578947368421,
        0.8223684210526315,
        0.75,
        0.6776315789473685,
        0.6052631578947368,
        0.5328947368421053,
        0.4605263157894737,
        0.3881578947368421,
        0.3092105263157895,
        0.23684210526315788,
        0.16447368421052633,
        0.09210526315789473
      ]
    }
  },
  "clustering": {
    "n_clusters": 3,
    "silhouette_score": 0.5063548591033267,